<?xml version="1.0" encoding="UTF-8"?>
<!DOCTYPE hibernate-configuration PUBLIC
        "-//Hibernate/Hibernate Configuration DTD 3.0//EN"
 "http://hibernate.sourceforge.net/hibernate-configuration-3.0.dtd">

<hibernate-configuration>
<session-factory>

<property name="connection.driver_class">oracle.jdbc.OracleDriver</property>
<property name="connection.url">jdbc:oracle:thin:@localhost:1521:orcl</property>
<property name="connection.username">scott</property>
<property name="connection.password">wipro</property>
<property name="dialect" >org.hibernate.dialect.OracleDialect</property>
<property name="show_sql">true</property>
  <property name="hibernate.current_session_context_class">thread</property>

<mapping resource="Student.hbm.xml"/>

</session-factory>
</hibernate-configuration>