<!DOCTYPE hibernate-configuration PUBLIC
        "-//Hibernate/Hibernate Configuration DTD 3.0//EN"
 "http://hibernate.sourceforge.net/hibernate-configuration-3.0.dtd">

 <hibernate-configuration>
 
 <session-factory>
 
 <property name="connection.driver_class">oracle.jdbc.OracleDriver</property>
 <property name="connection.url">jdbc:oracle:thin:@localhost:1521:orcl</property>
 <property name="connection.username">scott</property>
 <property name="connection.password">tiger</property>
 <property name="hibernate.dialect">org.hibernate.dialect.OracleDialect</property>
 <property name="hibernate.show_sql">true</property>
 <property name="hbm2ddl.auto">update</property>
 <mapping resource="Employee.hbm.xml"></mapping>
  
 </session-factory>
 
 
 
 
 
 </hibernate-configuration>